"[""Coworking Le Spot Multiburo Paris Montaigne"", ""https://www.coworking-france.com/espace-coworking/coworking-le-spot-multiburo-paris-montaigne/"", ""42 Avenue Montaigne - 75000 - Paris"", ""42 Avenue Montaigne"", ""75000"", ""Paris 1"", ""– Location Bureau partagé : Prix sur demande\n– Location Bureau privé : Prix sur demande\n– Location Salle de réunion : Prix sur demande\n– Bureau privatif au mois : 900 euros"", ""– Lundi : 9h – 18h\n– Mardi : 9h – 18h\n– Mercredi : 9h – 18h\n– Jeudi : 9h – 18h\n– Vendredi. : 9h – 18h\n– Samedi : Fermé\n– Dimanche : Fermé"", ""https://www.lespotmultiburo.com/adresses/paris-75008-coworking-bureaux-location-tiers-lieu/?ref=coworking-france.com""]"
"[""Coworking Le Spot Multiburo Paris Opera"", ""https://www.coworking-france.com/espace-coworking/coworking-le-spot-multiburo-paris-opera/"", ""15 Rue Taitbout - 75000 - Paris"", ""15 Rue Taitbout"", ""75000"", ""Paris 1"", ""– Location Bureau partagé : Prix sur demande – Location Bureau privé : Prix sur demande – Location Salle de réunion : Prix sur demande – Bureau privatif au mois : 850 euros "", ""– Lundi : 9h – 18h – Mardi : 9h – 18h – Mercredi : 9h – 18h – Jeudi : 9h – 18h – Vendredi. : 9h – 18h – Samedi : Fermé – Dimanche : Fermé "", ""https://www.lespotmultiburo.com/adresses/paris-75009-opera-coworking-espace-bureau-entrepreneur/?ref=coworking-france.com""]"
"[""Coworking Le Spot Multiburo Paris Trocadero"", ""https://www.coworking-france.com/espace-coworking/coworking-le-spot-multiburo-paris-trocadero/"", ""14 Avenue D’Eylau - 75000 - Paris"", ""14 Avenue D’Eylau"", ""75000"", ""Paris 1"", ""– Location Bureau partagé : Prix sur demande – Location Bureau privé : Prix sur demande – Location Salle de réunion : Prix sur demande – Bureau privatif au mois : 900 euros "", ""– Lundi : 9h – 18h – Mardi : 9h – 18h – Mercredi : 9h – 18h – Jeudi : 9h – 18h – Vendredi. : 9h – 18h – Samedi : Fermé – Dimanche : Fermé "", ""https://www.lespotmultiburo.com/adresses/paris-16-trocadero-coworking-bureau-partage-telecentre/?ref=coworking-france.com""]"
"[""Coworking The Bureau"", ""https://www.coworking-france.com/espace-coworking/coworking-the-bureau/"", ""28 Cours Albert 1 Er - 75008 - Paris"", ""28 Cours Albert 1 Er"", ""75008"", ""Paris 8"", ""– Location Bureau partagé : Prix sur demande – Location Bureau privé : Prix sur demande – Location Salle de réunion : Prix sur demande – Bureau partagé au mois : 475 euros "", ""– Lundi : 8h – 19h – Mardi : 8h – 19h – Mercredi : 8h – 19h – Jeudi : 8h – 19h – Vendredi. : 8h – 19h – Samedi : Fermé – Dimanche : Fermé "", ""https://www.thebureau.club?ref=coworking-france.com""]"
"[""Coworking Le 10H10 Coworking Cafe – Saint Martin"", ""https://www.coworking-france.com/espace-coworking/coworking-le-10h10-coworking-cafe-saint-martin/"", ""210 Rue Saint-Martin - 75003 - Paris"", ""210 Rue Saint-Martin"", ""75003"", ""Paris 3"", ""– Location Bureau partagé : Prix sur demande – Poste de travail à la demi journée : 600 euros – Poste de travail à la journée : 20,83 euros – Privatisation d’espace : Prix sur demande "", ""– Lundi : 9h – 19h – Mardi : 9h – 19h – Mercredi : 9h – 19h – Jeudi : 9h – 19h – Vendredi. : 9h – 19h – Samedi : Fermé – Dimanche : Fermé "", ""http://www.le10h10.com?ref=coworking-france.com""]"
"[""Coworking Republic"", ""https://www.coworking-france.com/espace-coworking/coworking-republic/"", ""189 Rue Du Temple - 75003 - Paris"", ""189 Rue Du Temple"", ""75003"", ""Paris 3"", ""– Location Bureau partagé : Prix sur demande – Location Bureau privé : Prix sur demande – Bureau partagé à la journée : 20 euros – Privatisation d’espace : Prix sur demande "", ""– Lundi : 9h – 18h – Mardi : 9h – 18h – Mercredi : 9h – 18h – Jeudi : 9h – 18h – Vendredi. : 9h – 18h – Samedi : Fermé – Dimanche : Fermé "", ""http://coworkingrepublic.com?ref=coworking-france.com""]"
"[""Coworking Start Way Bastille"", ""https://www.coworking-france.com/espace-coworking/coworking-start-way-bastille/"", ""100 Boulevard Beaumarchais - 75003 - Paris"", ""100 Boulevard Beaumarchais"", ""75003"", ""Paris 3"", ""– Location Bureau partagé : Prix sur demande – Location Bureau privé : Prix sur demande – Location Salle de réunion : Prix sur demande – Espace de travail au mois : 2400 euros "", ""– Lundi : 9h – 18h – Mardi : 9h – 18h – Mercredi : 9h – 18h – Jeudi : 9h – 18h – Vendredi. : 9h – 18h – Samedi : Fermé – Dimanche : Fermé "", ""http://www.start-way.com?ref=coworking-france.com""]"
"[""Coworking Buro Club Paris Vendome"", ""https://www.coworking-france.com/espace-coworking/coworking-buro-club-paris-vendome/"", ""5 Rue De Castiglione - 75001 - Paris"", ""5 Rue De Castiglione"", ""75001"", ""Paris 1"", ""– Location Bureau partagé : Prix sur demande – Location Bureau privé : Prix sur demande – Location Salle de réunion : Prix sur demande – Salle de réunion au mois : 1500 euros "", ""– Lundi : 9h – 18h30 – Mardi : 9h – 18h30 – Mercredi : 9h – 18h30 – Jeudi : 9h – 18h30 – Vendredi. : 9h – 18h30 – Samedi : Fermé – Dimanche : Fermé "", ""https://www.buro.com/centre-affaires/paris-vendome-1/?ref=coworking-france.com""]"
"[""Coworking Buro Club Paris Republique"", ""https://www.coworking-france.com/espace-coworking/coworking-buro-club-paris-republique/"", ""77 Avenue Parmentier - 75000 - Paris"", ""77 Avenue Parmentier"", ""75000"", ""Paris 1"", ""– Location Bureau partagé : Prix sur demande – Salle de réunion à la demi journée : 135 euros – Salle de réunion à la journée : 180 euros – Salle de réunion au mois : 700 euros "", ""– Lundi : 8h30 – 18h30 – Mardi : 8h30 – 18h30 – Mercredi : 8h30 – 18h30 – Jeudi : 8h30 – 18h30 – Vendredi. : 8h30 – 18h30 – Samedi : Fermé – Dimanche : Fermé "", ""https://www.buro.com/centre-affaires/paris-voltaire-2/?ref=coworking-france.com""]"
"[""Coworking Wereso Paris Chatelet"", ""https://www.coworking-france.com/espace-coworking/coworking-wereso-paris-chatelet/"", ""151 Rue Saint Denis - 75002 - Paris"", ""151 Rue Saint Denis"", ""75002"", ""Paris 2"", ""– Location Bureau partagé : Prix sur demande – Location Bureau privé : Prix sur demande – Poste de travail à la journée : 30 euros – Poste de travail au mois : 425 euros "", ""– Lundi : 9h – 19h – Mardi : 9h – 19h – Mercredi : 9h – 19h – Jeudi : 9h – 19h – Vendredi. : 9h – 19h – Samedi : Fermé – Dimanche : Fermé "", ""https://www.wereso.com?ref=coworking-france.com""]"
"[""Coworking Mycowork Event"", ""https://www.coworking-france.com/espace-coworking/coworking-mycowork-event/"", ""64 Rue De Cléry - 75002 - Paris"", ""64 Rue De Cléry"", ""75002"", ""Paris 2"", ""– Location Bureau partagé : Prix sur demande\n– Location Bureau privé : Prix sur demande\n– Poste de travail à la journée : 16,67 euros\n– Poste de travail au mois : 300 euros"", ""– Lundi : 9h – 19h\n– Mardi : 9h – 19h\n– Mercredi : 9h – 19h\n– Jeudi : 9h – 19h\n– Vendredi. : 9h – 19h\n– Samedi : Fermé\n– Dimanche : Fermé"", ""http://mycowork.fr/#beaubourg?ref=coworking-france.com""]"
"[""Remix Coworking – Cour Des Petites Ecuries"", ""https://www.coworking-france.com/espace-coworking/remix-coworking-cour-des-petites-ecuries/"", ""24 Cour Des Petites Ecuries - 75010 - Paris"", ""24 Cour Des Petites Ecuries"", ""75010"", ""Paris 10"", ""– Location Bureau partagé : Prix sur demande – Bureau partagé à la demi journée : 1500 euros – Bureau partagé à la journée : 2000 euros – Bureau partagé au mois : 370 euros "", ""– Lundi : 8h – 18h – Mardi : 8h – 18h – Mercredi : 8h – 18h – Jeudi : 8h – 18h – Vendredi. : 8h – 18h – Samedi : Fermé – Dimanche : Fermé "", ""https://www.remixcoworking.com?ref=coworking-france.com""]"
"[""Le 10H10 Coworking Cafe – Clery"", ""https://www.coworking-france.com/espace-coworking/le-10h10-coworking-cafe-clery/"", ""Cafe – Clery is a coworking space in Paris 2 which offers a shared workspace made up of open space workstations - closed offices and meeting rooms for rent"", ""Cafe – Clery is a coworking space in Paris 2 which offers a shared workspace made up of open space workstations"", ""closed offices and meeting rooms for rent"", ""Paris 2"", ""– Monday: 9 a.m. – 6 p.m. \n– Tuesday: 9 a.m. – 6 p.m. \n– Wednesday: 9 a.m. – 6 p.m. \n– Thursday: 9 a.m. – 6 p.m. \n– Friday. : 9 am – 6 pm \n– Saturday: Closed \n– Sunday: Closed "", ""The 10H10 Coworking Cafe – Clery is located at 19 Rue De Cléry in Paris (75002: Paris department). Located in the city center, this co-working space is easily accessible by public transport and has nearby parking as well as metro stations. The main neighborhoods nearby are Gaillon, Bourse, and Vivienne."", ""#le-10h10-coworking-cafe-and8211-clery-coworking-space-in-paris-2""]"
"[""Coworking Buro Club Paris Levallois"", ""https://www.coworking-france.com/espace-coworking/coworking-buro-club-paris-levallois/"", ""120 Rue Jean Jaurès - 75000 - Paris"", ""120 Rue Jean Jaurès"", ""75000"", ""Paris 1"", ""– Location Bureau partagé : Prix sur demande – Location Bureau privé : Prix sur demande – Location Salle de réunion : Prix sur demande – Bureau partagé au mois : 1700 euros "", ""– Lundi : 8h30 – 18h30 – Mardi : 8h30 – 18h30 – Mercredi : 8h30 – 18h30 – Jeudi : 8h30 – 18h30 – Vendredi. : 8h30 – 18h30 – Samedi : Fermé – Dimanche : Fermé "", ""https://www.buro.com/centre-affaires/paris-levallois-3/?ref=coworking-france.com""]"
"[""Coworking Easywork Mercure Paris Montmartre"", ""https://www.coworking-france.com/espace-coworking/coworking-easywork-mercure-paris-montmartre/"", ""3 Rue Caulaincourt - 75000 - Paris"", ""3 Rue Caulaincourt"", ""75000"", ""Paris 1"", ""– Location Bureau partagé : Prix sur demande – Location Bureau privé : Prix sur demande – Location Salle de réunion : Prix sur demande – Salle de réunion au mois : 1500 euros "", ""– Lundi : 8h – 18h – Mardi : 8h – 18h – Mercredi : 8h – 18h – Jeudi : 8h – 18h – Vendredi. : 8h – 18h – Samedi : Fermé – Dimanche : Fermé "", ""http://www.mercure.com/fr/easywork/easywork.shtml?ref=coworking-france.com""]"
"[""Coworking Otaf Charonne"", ""https://www.coworking-france.com/espace-coworking/coworking-otaf-charonne/"", ""30 Rue Leon Frot - 75011 - Paris"", ""30 Rue Leon Frot"", ""75011"", ""Paris 11"", ""– Location Bureau partagé : Prix sur demande – Poste de travail à la demi journée : 13 euros – Poste de travail à la journée : 20 euros – Poste de travail au mois : 333 euros "", ""– Lundi : 9h – 19h – Mardi : 9h – 19h – Mercredi : 9h – 19h – Jeudi : 9h – 19h – Vendredi. : 9h – 19h – Samedi : Fermé – Dimanche : Fermé "", ""http://otaf.paris?ref=coworking-france.com""]"
"[""Coworking Buro Club Paris Champs Elysees"", ""https://www.coworking-france.com/espace-coworking/coworking-buro-club-paris-champs-elysees/"", ""6 Avenue Franklin Roosevelt - 75000 - Paris"", ""6 Avenue Franklin Roosevelt"", ""75000"", ""Paris 1"", ""– Location Bureau partagé : Prix sur demande – Salle de réunion à la demi journée : 359 euros – Salle de réunion à la journée : 529 euros – Salle de réunion au mois : 1300 euros "", ""– Lundi : 8h30 – 19h – Mardi : 8h30 – 19h – Mercredi : 8h30 – 19h – Jeudi : 8h30 – 19h – Vendredi. : 8h30 – 19h – Samedi : Fermé – Dimanche : Fermé "", ""https://www.buro.com/centre-affaires/paris-champs-elysees-34/coworking-bureau-partage-open-space/?ref=coworking-france.com""]"
"[""Coworking Patchwork Clery"", ""https://www.coworking-france.com/espace-coworking/coworking-patchwork-clery/"", ""8 Rue De Clery - 75002 - Paris"", ""8 Rue De Clery"", ""75002"", ""Paris 2"", ""– Location Bureau partagé : Prix sur demande – Location Bureau privé : Prix sur demande – Location Salle de réunion : Prix sur demande – Bureau partagé au mois : 40 euros "", ""– Lundi : 9h – 19h – Mardi : 9h – 19h – Mercredi : 9h – 19h – Jeudi : 9h – 19h – Vendredi. : 9h – 19h – Samedi : Fermé – Dimanche : Fermé "", ""https://www.patchwork.co?ref=coworking-france.com""]"
"[""Remix Coworking – Republique Le Showroom"", ""https://www.coworking-france.com/espace-coworking/remix-coworking-republique-le-showroom/"", ""12 Rue Des Fontaines Du Temple - 75003 - Paris"", ""12 Rue Des Fontaines Du Temple"", ""75003"", ""Paris 3"", ""– Location Bureau partagé : Prix sur demande – Location Bureau privé : Prix sur demande – Location Salle de réunion : Prix sur demande – Bureau partagé au mois : 340 euros "", ""– Lundi : 9h – 18h – Mardi : 9h – 18h – Mercredi : 9h – 18h – Jeudi : 9h – 18h – Vendredi. : 9h – 18h – Samedi : Fermé – Dimanche : Fermé "", ""https://www.remixcoworking.com/2012/02/11/remix-coworking-12-rue-des-fontaines-du-temple/?ref=coworking-france.com""]"
"[""Remix Coworking – Turbigo"", ""https://www.coworking-france.com/espace-coworking/remix-coworking-turbigo/"", ""57 Rue De Turbigo - 75003 - Paris"", ""57 Rue De Turbigo"", ""75003"", ""Paris 3"", ""– Salle de réunion à l’heure : 170 euros – Salle de réunion à la demi journée : 250 euros – Salle de réunion à la journée : 500 euros – Salle de réunion au mois : 410 euros "", ""– Lundi : 8h – 18h – Mardi : 8h – 18h – Mercredi : 8h – 18h – Jeudi : 8h – 18h – Vendredi. : 8h – 18h – Samedi : Fermé – Dimanche : Fermé "", ""http://www.remixcoworking.com?ref=coworking-france.com""]"
"[""Remix Coworking – Saint Lazare"", ""https://www.coworking-france.com/espace-coworking/remix-coworking-saint-lazare/"", ""16 Rue De Bucarest - 75008 - Paris"", ""16 Rue De Bucarest"", ""75008"", ""Paris 8"", ""– Bureau partagé à l’heure : 43 euros – Bureau partagé à la demi journée : 170 euros – Bureau partagé à la journée : 250 euros – Bureau partagé au mois : 370 euros "", ""– Lundi : 8h – 18h – Mardi : 8h – 18h – Mercredi : 8h – 18h – Jeudi : 8h – 18h – Vendredi. : 8h – 18h – Samedi : Fermé – Dimanche : Fermé "", ""https://www.remixcoworking.com?ref=coworking-france.com""]"
"[""Coworking Le Domaine Des Entrepreneurs"", ""https://www.coworking-france.com/espace-coworking/coworking-le-domaine-des-entrepreneurs/"", ""54 Rue Greneta - 75002 - Paris"", ""54 Rue Greneta"", ""75002"", ""Paris 2"", ""– Location Bureau partagé : Prix sur demande – Location Bureau privé : Prix sur demande – Poste de travail à la journée : 16,67 euros – Poste de travail au mois : 1400 euros "", ""– Lundi : 9h – 18h – Mardi : 9h – 18h – Mercredi : 9h – 18h – Jeudi : 9h – 18h – Vendredi. : 9h – 18h – Samedi : Fermé – Dimanche : Fermé "", ""https://www.coworking-paris-centre.fr?ref=coworking-france.com""]"
"[""Coworking Cool Workers Chemin Vert"", ""https://www.coworking-france.com/espace-coworking/coworking-cool-workers-chemin-vert/"", ""30-34Rue Du Chemin Vert - 75011 - Paris"", ""30-34Rue Du Chemin Vert"", ""75011"", ""Paris 11"", ""– Location Bureau partagé : Prix sur demande – Location Bureau privé : Prix sur demande – Poste de travail à la journée : 16 euros – Privatisation d’espace : Prix sur demande "", ""– Lundi : 9h – 17h30 – Mardi : 9h – 17h30 – Mercredi : 9h – 17h30 – Jeudi : 9h – 17h30 – Vendredi. : 9h – 17h30 – Samedi : Fermé – Dimanche : Fermé "", ""http://www.coolandworkers.com?ref=coworking-france.com""]"
"[""Coworking Start Way Tolbiac"", ""https://www.coworking-france.com/espace-coworking/coworking-start-way-tolbiac/"", ""83 Avenue D’Italie - 75013 - Paris"", ""83 Avenue D’Italie"", ""75013"", ""Paris 13"", ""– Location Bureau partagé : Prix sur demande – Location Bureau privé : Prix sur demande – Location Salle de réunion : Prix sur demande – Bureau privatif au mois : 1000 euros "", ""– Lundi : 8h – 18h – Mardi : 8h – 18h – Mercredi : 8h – 18h – Jeudi : 8h – 18h – Vendredi. : 8h – 18h – Samedi : Fermé – Dimanche : Fermé "", ""http://www.start-way.com/portfolio/bureaux-espace-de-coworking-paris-13-tolbiac/?ref=coworking-france.com""]"
"[""Coworking Le Spot Multiburo Paris Montaigne"", ""https://www.coworking-france.com/espace-coworking/coworking-le-spot-multiburo-paris-montaigne/"", ""42 Avenue Montaigne - 75000 - Paris"", ""42 Avenue Montaigne"", ""75000"", ""Paris 1"", ""– Location Bureau partagé : Prix sur demande\n– Location Bureau privé : Prix sur demande\n– Location Salle de réunion : Prix sur demande\n– Bureau privatif au mois : 900 euros"", ""– Lundi : 9h – 18h\n– Mardi : 9h – 18h\n– Mercredi : 9h – 18h\n– Jeudi : 9h – 18h\n– Vendredi. : 9h – 18h\n– Samedi : Fermé\n– Dimanche : Fermé"", ""https://www.lespotmultiburo.com/adresses/paris-75008-coworking-bureaux-location-tiers-lieu/?ref=coworking-france.com""]"
"[""Coworking Le Spot Multiburo Paris Opera"", ""https://www.coworking-france.com/espace-coworking/coworking-le-spot-multiburo-paris-opera/"", ""15 Rue Taitbout - 75000 - Paris"", ""15 Rue Taitbout"", ""75000"", ""Paris 1"", ""– Location Bureau partagé : Prix sur demande – Location Bureau privé : Prix sur demande – Location Salle de réunion : Prix sur demande – Bureau privatif au mois : 850 euros "", ""– Lundi : 9h – 18h – Mardi : 9h – 18h – Mercredi : 9h – 18h – Jeudi : 9h – 18h – Vendredi. : 9h – 18h – Samedi : Fermé – Dimanche : Fermé "", ""https://www.lespotmultiburo.com/adresses/paris-75009-opera-coworking-espace-bureau-entrepreneur/?ref=coworking-france.com""]"
"[""Coworking Le Spot Multiburo Paris Trocadero"", ""https://www.coworking-france.com/espace-coworking/coworking-le-spot-multiburo-paris-trocadero/"", ""14 Avenue D’Eylau - 75000 - Paris"", ""14 Avenue D’Eylau"", ""75000"", ""Paris 1"", ""– Location Bureau partagé : Prix sur demande – Location Bureau privé : Prix sur demande – Location Salle de réunion : Prix sur demande – Bureau privatif au mois : 900 euros "", ""– Lundi : 9h – 18h – Mardi : 9h – 18h – Mercredi : 9h – 18h – Jeudi : 9h – 18h – Vendredi. : 9h – 18h – Samedi : Fermé – Dimanche : Fermé "", ""https://www.lespotmultiburo.com/adresses/paris-16-trocadero-coworking-bureau-partage-telecentre/?ref=coworking-france.com""]"
"[""Coworking The Bureau"", ""https://www.coworking-france.com/espace-coworking/coworking-the-bureau/"", ""28 Cours Albert 1 Er - 75008 - Paris"", ""28 Cours Albert 1 Er"", ""75008"", ""Paris 8"", ""– Location Bureau partagé : Prix sur demande – Location Bureau privé : Prix sur demande – Location Salle de réunion : Prix sur demande – Bureau partagé au mois : 475 euros "", ""– Lundi : 8h – 19h – Mardi : 8h – 19h – Mercredi : 8h – 19h – Jeudi : 8h – 19h – Vendredi. : 8h – 19h – Samedi : Fermé – Dimanche : Fermé "", ""https://www.thebureau.club?ref=coworking-france.com""]"
"[""Coworking Le 10H10 Coworking Cafe – Saint Martin"", ""https://www.coworking-france.com/espace-coworking/coworking-le-10h10-coworking-cafe-saint-martin/"", ""210 Rue Saint-Martin - 75003 - Paris"", ""210 Rue Saint-Martin"", ""75003"", ""Paris 3"", ""– Location Bureau partagé : Prix sur demande – Poste de travail à la demi journée : 600 euros – Poste de travail à la journée : 20,83 euros – Privatisation d’espace : Prix sur demande "", ""– Lundi : 9h – 19h – Mardi : 9h – 19h – Mercredi : 9h – 19h – Jeudi : 9h – 19h – Vendredi. : 9h – 19h – Samedi : Fermé – Dimanche : Fermé "", ""http://www.le10h10.com?ref=coworking-france.com""]"
"[""Coworking Republic"", ""https://www.coworking-france.com/espace-coworking/coworking-republic/"", ""189 Rue Du Temple - 75003 - Paris"", ""189 Rue Du Temple"", ""75003"", ""Paris 3"", ""– Location Bureau partagé : Prix sur demande – Location Bureau privé : Prix sur demande – Bureau partagé à la journée : 20 euros – Privatisation d’espace : Prix sur demande "", ""– Lundi : 9h – 18h – Mardi : 9h – 18h – Mercredi : 9h – 18h – Jeudi : 9h – 18h – Vendredi. : 9h – 18h – Samedi : Fermé – Dimanche : Fermé "", ""http://coworkingrepublic.com?ref=coworking-france.com""]"
"[""Coworking Start Way Bastille"", ""https://www.coworking-france.com/espace-coworking/coworking-start-way-bastille/"", ""100 Boulevard Beaumarchais - 75003 - Paris"", ""100 Boulevard Beaumarchais"", ""75003"", ""Paris 3"", ""– Location Bureau partagé : Prix sur demande – Location Bureau privé : Prix sur demande – Location Salle de réunion : Prix sur demande – Espace de travail au mois : 2400 euros "", ""– Lundi : 9h – 18h – Mardi : 9h – 18h – Mercredi : 9h – 18h – Jeudi : 9h – 18h – Vendredi. : 9h – 18h – Samedi : Fermé – Dimanche : Fermé "", ""http://www.start-way.com?ref=coworking-france.com""]"
"[""Coworking Buro Club Paris Vendome"", ""https://www.coworking-france.com/espace-coworking/coworking-buro-club-paris-vendome/"", ""5 Rue De Castiglione - 75001 - Paris"", ""5 Rue De Castiglione"", ""75001"", ""Paris 1"", ""– Location Bureau partagé : Prix sur demande – Location Bureau privé : Prix sur demande – Location Salle de réunion : Prix sur demande – Salle de réunion au mois : 1500 euros "", ""– Lundi : 9h – 18h30 – Mardi : 9h – 18h30 – Mercredi : 9h – 18h30 – Jeudi : 9h – 18h30 – Vendredi. : 9h – 18h30 – Samedi : Fermé – Dimanche : Fermé "", ""https://www.buro.com/centre-affaires/paris-vendome-1/?ref=coworking-france.com""]"
"[""Coworking Buro Club Paris Republique"", ""https://www.coworking-france.com/espace-coworking/coworking-buro-club-paris-republique/"", ""77 Avenue Parmentier - 75000 - Paris"", ""77 Avenue Parmentier"", ""75000"", ""Paris 1"", ""– Location Bureau partagé : Prix sur demande – Salle de réunion à la demi journée : 135 euros – Salle de réunion à la journée : 180 euros – Salle de réunion au mois : 700 euros "", ""– Lundi : 8h30 – 18h30 – Mardi : 8h30 – 18h30 – Mercredi : 8h30 – 18h30 – Jeudi : 8h30 – 18h30 – Vendredi. : 8h30 – 18h30 – Samedi : Fermé – Dimanche : Fermé "", ""https://www.buro.com/centre-affaires/paris-voltaire-2/?ref=coworking-france.com""]"
"[""Coworking Wereso Paris Chatelet"", ""https://www.coworking-france.com/espace-coworking/coworking-wereso-paris-chatelet/"", ""151 Rue Saint Denis - 75002 - Paris"", ""151 Rue Saint Denis"", ""75002"", ""Paris 2"", ""– Location Bureau partagé : Prix sur demande – Location Bureau privé : Prix sur demande – Poste de travail à la journée : 30 euros – Poste de travail au mois : 425 euros "", ""– Lundi : 9h – 19h – Mardi : 9h – 19h – Mercredi : 9h – 19h – Jeudi : 9h – 19h – Vendredi. : 9h – 19h – Samedi : Fermé – Dimanche : Fermé "", ""https://www.wereso.com?ref=coworking-france.com""]"
"[""Coworking Mycowork Event"", ""https://www.coworking-france.com/espace-coworking/coworking-mycowork-event/"", ""64 Rue De Cléry - 75002 - Paris"", ""64 Rue De Cléry"", ""75002"", ""Paris 2"", ""– Location Bureau partagé : Prix sur demande\n– Location Bureau privé : Prix sur demande\n– Poste de travail à la journée : 16,67 euros\n– Poste de travail au mois : 300 euros"", ""– Lundi : 9h – 19h\n– Mardi : 9h – 19h\n– Mercredi : 9h – 19h\n– Jeudi : 9h – 19h\n– Vendredi. : 9h – 19h\n– Samedi : Fermé\n– Dimanche : Fermé"", ""http://mycowork.fr/#beaubourg?ref=coworking-france.com""]"
"[""Remix Coworking – Cour Des Petites Ecuries"", ""https://www.coworking-france.com/espace-coworking/remix-coworking-cour-des-petites-ecuries/"", ""24 Cour Des Petites Ecuries - 75010 - Paris"", ""24 Cour Des Petites Ecuries"", ""75010"", ""Paris 10"", ""– Location Bureau partagé : Prix sur demande – Bureau partagé à la demi journée : 1500 euros – Bureau partagé à la journée : 2000 euros – Bureau partagé au mois : 370 euros "", ""– Lundi : 8h – 18h – Mardi : 8h – 18h – Mercredi : 8h – 18h – Jeudi : 8h – 18h – Vendredi. : 8h – 18h – Samedi : Fermé – Dimanche : Fermé "", ""https://www.remixcoworking.com?ref=coworking-france.com""]"
"[""Le 10H10 Coworking Cafe – Clery"", ""https://www.coworking-france.com/espace-coworking/le-10h10-coworking-cafe-clery/"", ""Cafe – Clery is a coworking space in Paris 2 which offers a shared workspace made up of open space workstations - closed offices and meeting rooms for rent"", ""Cafe – Clery is a coworking space in Paris 2 which offers a shared workspace made up of open space workstations"", ""closed offices and meeting rooms for rent"", ""Paris 2"", ""– Monday: 9 a.m. – 6 p.m. \n– Tuesday: 9 a.m. – 6 p.m. \n– Wednesday: 9 a.m. – 6 p.m. \n– Thursday: 9 a.m. – 6 p.m. \n– Friday. : 9 am – 6 pm \n– Saturday: Closed \n– Sunday: Closed "", ""The 10H10 Coworking Cafe – Clery is located at 19 Rue De Cléry in Paris (75002: Paris department). Located in the city center, this co-working space is easily accessible by public transport and has nearby parking as well as metro stations. The main neighborhoods nearby are Gaillon, Bourse, and Vivienne."", ""#le-10h10-coworking-cafe-and8211-clery-coworking-space-in-paris-2""]"
"[""Coworking Buro Club Paris Levallois"", ""https://www.coworking-france.com/espace-coworking/coworking-buro-club-paris-levallois/"", ""120 Rue Jean Jaurès - 75000 - Paris"", ""120 Rue Jean Jaurès"", ""75000"", ""Paris 1"", ""– Location Bureau partagé : Prix sur demande – Location Bureau privé : Prix sur demande – Location Salle de réunion : Prix sur demande – Bureau partagé au mois : 1700 euros "", ""– Lundi : 8h30 – 18h30 – Mardi : 8h30 – 18h30 – Mercredi : 8h30 – 18h30 – Jeudi : 8h30 – 18h30 – Vendredi. : 8h30 – 18h30 – Samedi : Fermé – Dimanche : Fermé "", ""https://www.buro.com/centre-affaires/paris-levallois-3/?ref=coworking-france.com""]"
"[""Coworking Easywork Mercure Paris Montmartre"", ""https://www.coworking-france.com/espace-coworking/coworking-easywork-mercure-paris-montmartre/"", ""3 Rue Caulaincourt - 75000 - Paris"", ""3 Rue Caulaincourt"", ""75000"", ""Paris 1"", ""– Location Bureau partagé : Prix sur demande – Location Bureau privé : Prix sur demande – Location Salle de réunion : Prix sur demande – Salle de réunion au mois : 1500 euros "", ""– Lundi : 8h – 18h – Mardi : 8h – 18h – Mercredi : 8h – 18h – Jeudi : 8h – 18h – Vendredi. : 8h – 18h – Samedi : Fermé – Dimanche : Fermé "", ""http://www.mercure.com/fr/easywork/easywork.shtml?ref=coworking-france.com""]"
"[""Coworking Otaf Charonne"", ""https://www.coworking-france.com/espace-coworking/coworking-otaf-charonne/"", ""30 Rue Leon Frot - 75011 - Paris"", ""30 Rue Leon Frot"", ""75011"", ""Paris 11"", ""– Location Bureau partagé : Prix sur demande – Poste de travail à la demi journée : 13 euros – Poste de travail à la journée : 20 euros – Poste de travail au mois : 333 euros "", ""– Lundi : 9h – 19h – Mardi : 9h – 19h – Mercredi : 9h – 19h – Jeudi : 9h – 19h – Vendredi. : 9h – 19h – Samedi : Fermé – Dimanche : Fermé "", ""http://otaf.paris?ref=coworking-france.com""]"
"[""Coworking Buro Club Paris Champs Elysees"", ""https://www.coworking-france.com/espace-coworking/coworking-buro-club-paris-champs-elysees/"", ""6 Avenue Franklin Roosevelt - 75000 - Paris"", ""6 Avenue Franklin Roosevelt"", ""75000"", ""Paris 1"", ""– Location Bureau partagé : Prix sur demande – Salle de réunion à la demi journée : 359 euros – Salle de réunion à la journée : 529 euros – Salle de réunion au mois : 1300 euros "", ""– Lundi : 8h30 – 19h – Mardi : 8h30 – 19h – Mercredi : 8h30 – 19h – Jeudi : 8h30 – 19h – Vendredi. : 8h30 – 19h – Samedi : Fermé – Dimanche : Fermé "", ""https://www.buro.com/centre-affaires/paris-champs-elysees-34/coworking-bureau-partage-open-space/?ref=coworking-france.com""]"
"[""Coworking Patchwork Clery"", ""https://www.coworking-france.com/espace-coworking/coworking-patchwork-clery/"", ""8 Rue De Clery - 75002 - Paris"", ""8 Rue De Clery"", ""75002"", ""Paris 2"", ""– Location Bureau partagé : Prix sur demande – Location Bureau privé : Prix sur demande – Location Salle de réunion : Prix sur demande – Bureau partagé au mois : 40 euros "", ""– Lundi : 9h – 19h – Mardi : 9h – 19h – Mercredi : 9h – 19h – Jeudi : 9h – 19h – Vendredi. : 9h – 19h – Samedi : Fermé – Dimanche : Fermé "", ""https://www.patchwork.co?ref=coworking-france.com""]"
"[""Remix Coworking – Republique Le Showroom"", ""https://www.coworking-france.com/espace-coworking/remix-coworking-republique-le-showroom/"", ""12 Rue Des Fontaines Du Temple - 75003 - Paris"", ""12 Rue Des Fontaines Du Temple"", ""75003"", ""Paris 3"", ""– Location Bureau partagé : Prix sur demande – Location Bureau privé : Prix sur demande – Location Salle de réunion : Prix sur demande – Bureau partagé au mois : 340 euros "", ""– Lundi : 9h – 18h – Mardi : 9h – 18h – Mercredi : 9h – 18h – Jeudi : 9h – 18h – Vendredi. : 9h – 18h – Samedi : Fermé – Dimanche : Fermé "", ""https://www.remixcoworking.com/2012/02/11/remix-coworking-12-rue-des-fontaines-du-temple/?ref=coworking-france.com""]"
"[""Remix Coworking – Turbigo"", ""https://www.coworking-france.com/espace-coworking/remix-coworking-turbigo/"", ""57 Rue De Turbigo - 75003 - Paris"", ""57 Rue De Turbigo"", ""75003"", ""Paris 3"", ""– Salle de réunion à l’heure : 170 euros – Salle de réunion à la demi journée : 250 euros – Salle de réunion à la journée : 500 euros – Salle de réunion au mois : 410 euros "", ""– Lundi : 8h – 18h – Mardi : 8h – 18h – Mercredi : 8h – 18h – Jeudi : 8h – 18h – Vendredi. : 8h – 18h – Samedi : Fermé – Dimanche : Fermé "", ""http://www.remixcoworking.com?ref=coworking-france.com""]"
"[""Remix Coworking – Saint Lazare"", ""https://www.coworking-france.com/espace-coworking/remix-coworking-saint-lazare/"", ""16 Rue De Bucarest - 75008 - Paris"", ""16 Rue De Bucarest"", ""75008"", ""Paris 8"", ""– Bureau partagé à l’heure : 43 euros – Bureau partagé à la demi journée : 170 euros – Bureau partagé à la journée : 250 euros – Bureau partagé au mois : 370 euros "", ""– Lundi : 8h – 18h – Mardi : 8h – 18h – Mercredi : 8h – 18h – Jeudi : 8h – 18h – Vendredi. : 8h – 18h – Samedi : Fermé – Dimanche : Fermé "", ""https://www.remixcoworking.com?ref=coworking-france.com""]"
"[""Coworking Le Domaine Des Entrepreneurs"", ""https://www.coworking-france.com/espace-coworking/coworking-le-domaine-des-entrepreneurs/"", ""54 Rue Greneta - 75002 - Paris"", ""54 Rue Greneta"", ""75002"", ""Paris 2"", ""– Location Bureau partagé : Prix sur demande – Location Bureau privé : Prix sur demande – Poste de travail à la journée : 16,67 euros – Poste de travail au mois : 1400 euros "", ""– Lundi : 9h – 18h – Mardi : 9h – 18h – Mercredi : 9h – 18h – Jeudi : 9h – 18h – Vendredi. : 9h – 18h – Samedi : Fermé – Dimanche : Fermé "", ""https://www.coworking-paris-centre.fr?ref=coworking-france.com""]"
"[""Coworking Cool Workers Chemin Vert"", ""https://www.coworking-france.com/espace-coworking/coworking-cool-workers-chemin-vert/"", ""30-34Rue Du Chemin Vert - 75011 - Paris"", ""30-34Rue Du Chemin Vert"", ""75011"", ""Paris 11"", ""– Location Bureau partagé : Prix sur demande – Location Bureau privé : Prix sur demande – Poste de travail à la journée : 16 euros – Privatisation d’espace : Prix sur demande "", ""– Lundi : 9h – 17h30 – Mardi : 9h – 17h30 – Mercredi : 9h – 17h30 – Jeudi : 9h – 17h30 – Vendredi. : 9h – 17h30 – Samedi : Fermé – Dimanche : Fermé "", ""http://www.coolandworkers.com?ref=coworking-france.com""]"
"[""Coworking Start Way Tolbiac"", ""https://www.coworking-france.com/espace-coworking/coworking-start-way-tolbiac/"", ""83 Avenue D’Italie - 75013 - Paris"", ""83 Avenue D’Italie"", ""75013"", ""Paris 13"", ""– Location Bureau partagé : Prix sur demande – Location Bureau privé : Prix sur demande – Location Salle de réunion : Prix sur demande – Bureau privatif au mois : 1000 euros "", ""– Lundi : 8h – 18h – Mardi : 8h – 18h – Mercredi : 8h – 18h – Jeudi : 8h – 18h – Vendredi. : 8h – 18h – Samedi : Fermé – Dimanche : Fermé "", ""http://www.start-way.com/portfolio/bureaux-espace-de-coworking-paris-13-tolbiac/?ref=coworking-france.com""]"
"[""Coworking Nci Etoile Wagram"", ""https://www.coworking-france.com/espace-coworking/coworking-nci-etoile-wagram/"", ""15 Rue Beaujon - 75000 - Paris"", ""15 Rue Beaujon"", ""75000"", ""Paris 1"", ""– Location Bureau partagé : Prix sur demande – Location Bureau privé : Prix sur demande – Location Salle de réunion : Prix sur demande – Privatisation d’espace : Prix sur demande "", ""– Lundi : 8h30 – 23h – Mardi : 8h30 – 23h – Mercredi : 8h30 – 23h – Jeudi : 8h30 – 23h – Vendredi. : 8h30 – 23h – Samedi : Fermé – Dimanche : Fermé "", ""https://www.groupenci.com/fr/centres/nci-etoile-wagram?ref=coworking-france.com""]"
"[""Coworking Start Way Menilmontant"", ""https://www.coworking-france.com/espace-coworking/coworking-start-way-menilmontant/"", ""83 Rue De Ménilmontant - 75020 - Paris"", ""83 Rue De Ménilmontant"", ""75020"", ""Paris 20"", ""– Location Bureau partagé : Prix sur demande – Location Bureau privé : Prix sur demande – Location Salle de réunion : Prix sur demande – Bureau privatif au mois : 400 euros "", ""– Lundi : 8h – 18h – Mardi : 8h – 18h – Mercredi : 8h – 18h – Jeudi : 8h – 18h – Vendredi. : 8h – 18h – Samedi : Fermé – Dimanche : Fermé "", ""https://www.start-way.com/portfolio/menilmontant/?ref=coworking-france.com""]"
"[""Coworking Kwerk Bienfaisance"", ""https://www.coworking-france.com/espace-coworking/coworking-kwerk-bienfaisance/"", ""46 Rue De La Bienfaisance - 75008 - Paris"", ""46 Rue De La Bienfaisance"", ""75008"", ""Paris 8"", ""– Location Bureau partagé : Prix sur demande – Location Bureau privé : Prix sur demande – Location Salle de réunion : Prix sur demande – Privatisation d’espace : Prix sur demande "", ""– Lundi : 8h30 – 23h – Mardi : 8h30 – 23h – Mercredi : 8h30 – 23h – Jeudi : 8h30 – 23h – Vendredi. : 8h30 – 23h – Samedi : Fermé – Dimanche : Fermé "", ""https://www.kwerk.fr?ref=coworking-france.com""]"
"[""Coworking Work In Paris – Vaugirard"", ""https://www.coworking-france.com/espace-coworking/coworking-work-in-paris-vaugirard/"", ""350 Rue De Vaugirard - 75015 - Paris"", ""350 Rue De Vaugirard"", ""75015"", ""Paris 15"", ""– Location Bureau partagé : Prix sur demande – Location Bureau privé : Prix sur demande – Location Salle de réunion : Prix sur demande – Bureau privatif au mois : 290 euros "", ""– Lundi : 9h – 17h – Mardi : 9h – 17h – Mercredi : 9h – 17h – Jeudi : 9h – 17h – Vendredi. : 9h – 17h – Samedi : Fermé – Dimanche : Fermé "", ""https://www.workinparis.com/#!vaugirard/c1lir?ref=coworking-france.com""]"
"[""Coworking Republic Bretagne"", ""https://www.coworking-france.com/espace-coworking/coworking-republic-bretagne/"", ""59 Rue De Bretagne - 75003 - Paris"", ""59 Rue De Bretagne"", ""75003"", ""Paris 3"", ""– Location Bureau partagé : Prix sur demande – Poste de travail à la demi journée : 20 euros – Poste de travail à la journée : 16,67 euros – Privatisation d’espace : Prix sur demande "", ""– Lundi : 9h – 19h – Mardi : 9h – 19h – Mercredi : 9h – 19h – Jeudi : 9h – 19h – Vendredi. : 9h – 19h – Samedi : Fermé – Dimanche : Fermé "", ""http://coworkingrepublic.com?ref=coworking-france.com""]"
"[""Coworking La Cordee Lyon Liberte Guillotiere"", ""https://www.coworking-france.com/espace-coworking/coworking-la-cordee-lyon-liberte-guillotiere/"", ""61 Cours De La Liberté - 69007 - Lyon"", ""61 Cours De La Liberté"", ""69007"", ""Lyon 7"", ""– Espace de travail à l’heure : 5 euros – Espace de travail à la demi journée : 20 euros – Espace de travail à la journée : 40 euros – Espace de travail au mois : 260 euros "", ""– Lundi : 9h – 17h – Mardi : 9h – 17h – Mercredi : 9h – 17h – Jeudi : 9h – 17h – Vendredi. : 9h – 17h – Samedi : Fermé – Dimanche : Fermé "", ""https://www.la-cordee.net/la-cordee-liberte-guillotiere/?ref=coworking-france.com""]"
"[""Coworking La Cordee Lyon Opera"", ""https://www.coworking-france.com/espace-coworking/coworking-la-cordee-lyon-opera/"", ""4 Quai Jean Moulin - 69002 - Lyon"", ""4 Quai Jean Moulin"", ""69002"", ""Lyon 2"", ""– Location Bureau partagé : Prix sur demande – Location Bureau privé : Prix sur demande – Poste de travail à la journée : 30 euros – Privatisation d’espace : Prix sur demande "", ""– Lundi : 9h – 18h – Mardi : 9h – 18h – Mercredi : 9h – 18h – Jeudi : 9h – 18h – Vendredi. : 9h – 18h – Samedi : Fermé – Dimanche : Fermé "", ""https://www.la-cordee.net/cordee/lyon/opera/?ref=coworking-france.com""]"
"[""Coworking La Cordee Lyon Villeurbanne"", ""https://www.coworking-france.com/espace-coworking/coworking-la-cordee-lyon-villeurbanne/"", ""71 Rue Francis De Pressensé - 69100 - Villeurbanne"", ""71 Rue Francis De Pressensé"", ""69100"", ""Villeurbanne"", ""– Location Bureau partagé : Prix sur demande – Location Bureau privé : Prix sur demande – Poste de travail à la journée : 30 euros – Privatisation d’espace : Prix sur demande "", ""– Lundi : 9h – 18h – Mardi : 9h – 18h – Mercredi : 9h – 18h – Jeudi : 9h – 18h – Vendredi. : 9h – 18h – Samedi : Fermé – Dimanche : Fermé "", ""https://www.la-cordee.net?ref=coworking-france.com""]"
"[""Coworking La Cordee Lyon Jean Mace"", ""https://www.coworking-france.com/espace-coworking/coworking-la-cordee-lyon-jean-mace/"", ""19 Rue Père Chevrier - 69007 - Lyon"", ""19 Rue Père Chevrier"", ""69007"", ""Lyon 7"", ""– Location Bureau partagé : Prix sur demande – Location Bureau privé : Prix sur demande – Poste de travail à la journée : 30 euros – Privatisation d’espace : Prix sur demande "", ""– Lundi : 9h – 18h – Mardi : 9h – 18h – Mercredi : 9h – 18h – Jeudi : 9h – 18h – Vendredi. : 9h – 18h – Samedi : Fermé – Dimanche : Fermé "", ""https://www.la-cordee.net/cordee/lyon/jean-mace/?ref=coworking-france.com""]"
"[""Coworking La Cordee Lyon Valmy"", ""https://www.coworking-france.com/espace-coworking/coworking-la-cordee-lyon-valmy/"", ""6 Place Dumas De Loire - 69009 - Lyon"", ""6 Place Dumas De Loire"", ""69009"", ""Lyon 9"", ""– Location Bureau partagé : Prix sur demande – Location Bureau privé : Prix sur demande – Poste de travail à la journée : 24 euros – Privatisation d’espace : Prix sur demande "", ""– Lundi : 9h – 18h – Mardi : 9h – 18h – Mercredi : 9h – 18h – Jeudi : 9h – 18h – Vendredi. : 9h – 18h – Samedi : Fermé – Dimanche : Fermé "", ""https://www.la-cordee.net/cordee/lyon/valmy/?ref=coworking-france.com""]"
"[""Now Coworking Lyon"", ""https://www.coworking-france.com/espace-coworking/now-coworking-lyon/"", ""35 Rue De Marseille - 69007 - Lyon"", ""35 Rue De Marseille"", ""69007"", ""Lyon 7"", ""– Poste de travail à l’heure : 120 euros – Location Bureau privé : Prix sur demande – Poste de travail à la journée : 50 euros – Privatisation d’espace : Prix sur demande "", ""– Lundi : 9h – 18h – Mardi : 9h – 18h – Mercredi : 9h – 18h – Jeudi : 9h – 18h – Vendredi. : 9h – 18h – Samedi : Fermé – Dimanche : Fermé "", ""https://lyon.now-coworking.com?ref=coworking-france.com""]"
"[""Coworking Le Trefle Lyon"", ""https://www.coworking-france.com/espace-coworking/coworking-le-trefle-lyon/"", ""8 Quai Jules Courmont - 69002 - Lyon"", ""8 Quai Jules Courmont"", ""69002"", ""Lyon 2"", ""– Location Bureau partagé : Prix sur demande – Location Bureau privé : Prix sur demande – Location Salle de réunion : Prix sur demande – Bureau privatif au mois : 940 euros "", ""– Lundi : 9h – 18h – Mardi : 9h – 18h – Mercredi : 9h – 18h – Jeudi : 9h – 18h – Vendredi. : 9h – 18h – Samedi : 9h – 18h – Dimanche : Fermé "", ""https://www.groupe-letrefle.fr/ouverture-coworking-lyon?ref=coworking-france.com""]"
"[""Coworking Mix"", ""https://www.coworking-france.com/espace-coworking/coworking-mix/"", ""6 Avenue Joannes Hubert - 69160 - Tassin la Demi Lune"", ""6 Avenue Joannes Hubert"", ""69160"", ""Tassin la Demi Lune"", ""– Espace de travail à l’heure : 15 euros – Espace de travail à la demi journée : 29 euros – Espace de travail à la journée : 29 euros – Privatisation d’espace : Prix sur demande "", ""– Lundi : 8h – 20h – Mardi : 8h – 20h – Mercredi : 8h – 20h – Jeudi : 8h – 20h – Vendredi. : 8h – 20h – Samedi : Fermé – Dimanche : Fermé "", ""https://www.mix-coworking.fr?ref=coworking-france.com""]"
"[""Coworking Wereso Lyon"", ""https://www.coworking-france.com/espace-coworking/coworking-wereso-lyon/"", ""18 Rue Tronchet - 69006 - Lyon"", ""18 Rue Tronchet"", ""69006"", ""Lyon 6"", ""– Location Bureau partagé : Prix sur demande – Location Bureau privé : Prix sur demande – Bureau partagé à la journée : 25 euros – Bureau partagé au mois : 2897 euros "", ""– Lundi : 8h – 17h30 – Mardi : 8h – 17h30 – Mercredi : 8h – 17h30 – Jeudi : 8h – 17h30 – Vendredi. : 8h – 17h30 – Samedi : Fermé – Dimanche : Fermé "", ""https://www.wereso.com?ref=coworking-france.com""]"
"[""Buro Club Strasbourg"", ""https://www.coworking-france.com/espace-coworking/buro-club-strasbourg/"", ""204 Avenue De Colmar - 67100 - Strasbourg"", ""204 Avenue De Colmar"", ""67100"", ""Strasbourg"", ""– Bureau partagé à l’heure : 3 euros – Bureau partagé à la demi journée : 5 euros – Bureau partagé à la journée : 10 euros – Bureau partagé au mois : 100 euros "", ""– Lundi : 24h/24 – Mardi : 24h/24 – Mercredi : 24h/24 – Jeudi : 24h/24 – Vendredi. : 24h/24 – Samedi : Fermé – Dimanche : Fermé "", ""https://www.buro.com?ref=coworking-france.com""]"
"[""Yelloworking L’Annexe"", ""https://www.coworking-france.com/espace-coworking/yelloworking-l-annexe/"", ""7 Bis Avenue Saint-Jérome - 13100 - Aix En Provence"", ""7 Bis Avenue Saint-Jérome"", ""13100"", ""Aix En Provence"", ""– Location Bureau partagé : Prix sur demande – Location Bureau privé : Prix sur demande – Poste de travail à la journée : 19 euros – Privatisation d’espace : Prix sur demande "", ""– Lundi : 9h – 18h – Mardi : 9h – 18h – Mercredi : 9h – 18h – Jeudi : 9h – 18h – Vendredi. : 9h – 18h – Samedi : Fermé – Dimanche : Fermé "", ""http://www.yelloworking.com?ref=coworking-france.com""]"
"[""Coworking Le Spot Multiburo Aix"", ""https://www.coworking-france.com/espace-coworking/coworking-le-spot-multiburo-aix/"", ""1330 Rue Jean René Guillibert - 13857 - Aix En Provence"", ""1330 Rue Jean René Guillibert"", ""13857"", ""Aix En Provence"", ""– Location Bureau partagé : Prix sur demande – Location Bureau privé : Prix sur demande – Location Salle de réunion : Prix sur demande – Privatisation d’espace : Prix sur demande "", ""– Lundi : 9h – 18h – Mardi : 9h – 18h – Mercredi : 9h – 18h – Jeudi : 9h – 18h – Vendredi. : 9h – 18h – Samedi : Fermé – Dimanche : Fermé "", ""https://www.lespotmultiburo.com/adresses/aix-coworking-bureau-partage-telecentre-tiers-lieu/?ref=coworking-france.com""]"
"[""Coworking Le Spot Multiburo Marseille"", ""https://www.coworking-france.com/espace-coworking/coworking-le-spot-multiburo-marseille/"", ""565 Avenue Du Prado - 13000 - Marseille"", ""565 Avenue Du Prado"", ""13000"", ""Marseille"", ""– Location Bureau partagé : Prix sur demande – Location Bureau privé : Prix sur demande – Location Salle de réunion : Prix sur demande – Privatisation d’espace : Prix sur demande "", ""– Lundi : 9h – 18h – Mardi : 9h – 18h – Mercredi : 9h – 18h – Jeudi : 9h – 18h – Vendredi. : 9h – 18h – Samedi : Fermé – Dimanche : Fermé "", ""https://www.lespotmultiburo.com/adresses/marseille-coworking-telecentre-bureau-partage-tiers-lieu/?ref=coworking-france.com""]"
"[""Coworking Cowork’In Aix"", ""https://www.coworking-france.com/espace-coworking/coworking-coworkin-aix/"", ""485 Rue Marcellin Berthelot - 13100 - Aix En Provence"", ""485 Rue Marcellin Berthelot"", ""13100"", ""Aix En Provence"", ""– Location Bureau partagé : Prix sur demande – Location Bureau privé : Prix sur demande – Location Salle de réunion : Prix sur demande – Bureau privatif au mois : 225 euros "", ""– Lundi : 9h – 18h – Mardi : 9h – 18h – Mercredi : 9h – 18h – Jeudi : 9h – 18h – Vendredi. : 9h – 18h – Samedi : Fermé – Dimanche : Fermé "", ""https://www.cowork-in.fr?ref=coworking-france.com""]"
"[""Coworking Digital Village Marseille"", ""https://www.coworking-france.com/espace-coworking/coworking-digital-village-marseille/"", ""14 Boulevard André Aune - 13006 - Marseille"", ""14 Boulevard André Aune"", ""13006"", ""Marseille 6"", ""– Location Bureau partagé : Prix sur demande – Location Bureau privé : Prix sur demande – Bureau partagé à la journée : 990 euros – Bureau partagé au mois : 150 euros "", ""– Lundi : 5h – 23h30 – Mardi : 5h – 23h30 – Mercredi : 5h – 23h30 – Jeudi : 5h – 23h30 – Vendredi. : 5h – 23h30 – Samedi : Fermé – Dimanche : Fermé "", ""https://www.digital-village.fr?ref=coworking-france.com""]"
"[""Coworking Morphoburo Aix-Eguilles"", ""https://www.coworking-france.com/espace-coworking/coworking-morphoburo-aix-eguilles/"", ""190 Rue Topaze B2 - 13510 - Eguilles"", ""190 Rue Topaze B2"", ""13510"", ""Eguilles"", ""– Location Bureau partagé : Prix sur demande – Location Bureau privé : Prix sur demande – Espace de travail à la journée : 12,5 euros – Espace de travail au mois : 490 euros "", ""– Lundi : 8h – 0h – Mardi : 8h – 0h – Mercredi : 8h – 0h – Jeudi : 8h – 0h – Vendredi. : 8h – 0h – Samedi : Fermé – Dimanche : 8h – 0h "", ""http://www.morphoburo.com?ref=coworking-france.com""]"
"[""Coworking Cowork’In Bourges"", ""https://www.coworking-france.com/espace-coworking/coworking-coworkin-bourges/"", ""20 Chemin Des Goulevents - 18000 - Bourges"", ""20 Chemin Des Goulevents"", ""18000"", ""Bourges"", ""– Location Bureau partagé : Prix sur demande – Location Bureau privé : Prix sur demande – Poste de travail à la journée : 7,5 euros – Privatisation d’espace : Prix sur demande "", ""– Lundi : 9h – 18h – Mardi : 9h – 18h – Mercredi : 9h – 18h – Jeudi : 9h – 18h – Vendredi. : 9h – 18h – Samedi : Fermé – Dimanche : Fermé "", ""https://www.coworkinbourges.fr?ref=coworking-france.com""]"
"[""Coworking Cowork’In Progress"", ""https://www.coworking-france.com/espace-coworking/coworking-coworkin-progress/"", ""26 Rue De La Coté Des Bruyères - 22300 - Saint Michel En Grève"", ""26 Rue De La Coté Des Bruyères"", ""22300"", ""Saint Michel En Grève"", ""– Location Bureau partagé : Prix sur demande – Location Bureau privé : Prix sur demande – Bureau partagé à la journée : 12 euros – Bureau partagé au mois : 159 euros "", ""– Lundi : 9h – 18h – Mardi : 9h – 18h – Mercredi : 9h – 18h – Jeudi : 9h – 18h – Vendredi. : 9h – 18h – Samedi : Fermé – Dimanche : Fermé "", ""https://www.coworkinprogress.com?ref=coworking-france.com""]"
"[""Coworking Blue Office De Massy"", ""https://www.coworking-france.com/espace-coworking/coworking-blue-office-de-massy/"", ""5 Avenue Carnot - 91300 - Massy"", ""5 Avenue Carnot"", ""91300"", ""Massy"", ""– Bureau partagé à l’heure : 23,63 euros – Bureau partagé à la demi journée : 35 euros – Bureau partagé à la journée : 70 euros – Privatisation d’espace : Prix sur demande "", ""– Lundi : 9h – 18h – Mardi : 9h – 18h – Mercredi : 9h – 18h – Jeudi : 9h – 18h – Vendredi. : 9h – 18h – Samedi : Fermé – Dimanche : Fermé "", ""https://blueoffice.nexity.fr?ref=coworking-france.com""]"
"[""Coworking Are You Coworking Corbeil Essonnes"", ""https://www.coworking-france.com/espace-coworking/coworking-are-you-coworking-corbeil-essonnes/"", ""1 Rue Fernant Reynaud - 91100 - Corbeil Essonnes"", ""1 Rue Fernant Reynaud"", ""91100"", ""Corbeil Essonnes"", ""– Location Bureau partagé : Prix sur demande – Location Bureau privé : Prix sur demande – Poste de travail à la journée : 15 euros – Poste de travail au mois : 49 euros "", ""– Lundi : 9h30 – 17h – Mardi : 9h30 – 17h – Mercredi : 9h30 – 17h – Jeudi : 9h30 – 17h – Vendredi. : 9h30 – 17h – Samedi : Fermé – Dimanche : Fermé "", ""http://www.areyoucoworking.com?ref=coworking-france.com""]"
"[""Coworking Digital Village Bordeaux"", ""https://www.coworking-france.com/espace-coworking/coworking-digital-village-bordeaux/"", ""88 Rue Judaique - 33100 - Bordeaux"", ""88 Rue Judaique"", ""33100"", ""Bordeaux"", ""– Location Bureau partagé : Prix sur demande – Location Bureau privé : Prix sur demande – Espace de travail à la journée : 30 euros – Privatisation d’espace : Prix sur demande "", ""– Lundi : 8h30 – 0h – Mardi : 8h30 – 0h – Mercredi : 8h30 – 0h – Jeudi : 8h30 – 0h – Vendredi. : 8h30 – 0h – Samedi : Fermé – Dimanche : Fermé "", ""http://www.digital-village.fr?ref=coworking-france.com""]"
"[""Coworking Buro Club Bordeaux Quinconces"", ""https://www.coworking-france.com/espace-coworking/coworking-buro-club-bordeaux-quinconces/"", ""9 Rue Conde - 33520 - Bordeaux"", ""9 Rue Conde"", ""33520"", ""Bordeaux"", ""– Location Bureau partagé : Prix sur demande – Salle de réunion à la demi journée : 133 euros – Salle de réunion à la journée : 196 euros – Salle de réunion au mois : 970 euros "", ""– Lundi : 8h30 – 18h30 – Mardi : 8h30 – 18h30 – Mercredi : 8h30 – 18h30 – Jeudi : 8h30 – 18h30 – Vendredi. : 8h30 – 18h30 – Samedi : Fermé – Dimanche : Fermé "", ""https://www.buro.com/centre-affaires/bordeaux-quinconces-33-7/coworking-bureau-partage-open-space/?ref=coworking-france.com""]"
